Date,co2_eua,gas_ttf
2023-01-02,0.6399999856948853,
2023-01-03,0.6399999856948853,72.31400299072266
2023-01-04,0.6399999856948853,65.02200317382812
2023-01-05,0.6399999856948853,72.4219970703125
2023-01-06,0.6399999856948853,69.53399658203125
2023-01-09,0.6399999856948853,74.302001953125
2023-01-10,0.6399999856948853,70.07099914550781
2023-01-11,0.6399999856948853,65.34600067138672
2023-01-12,0.6399999856948853,66.80899810791016
2023-01-13,0.6399999856948853,64.81199645996094
2023-01-16,0.6399999856948853,64.81199645996094
2023-01-17,0.6399999856948853,60.06100082397461
2023-01-18,0.6399999856948853,61.70899963378906
2023-01-19,0.6399999856948853,60.71699905395508
2023-01-20,0.6399999856948853,66.89800262451172
2023-01-23,0.6399999856948853,65.9990005493164
2023-01-24,0.6399999856948853,58.26900100708008
2023-01-25,0.6399999856948853,56.65999984741211
2023-01-26,0.6399999856948853,54.814998626708984
2023-01-27,0.6399999856948853,55.42499923706055
2023-01-30,0.6399999856948853,55.15599822998047
2023-01-31,0.6399999856948853,57.35200119018555
2023-02-01,0.6399999856948853,59.527000427246094
2023-02-02,0.6399999856948853,57.040000915527344
2023-02-03,0.6399999856948853,57.888999938964844
2023-02-06,0.6399999856948853,58.10900115966797
2023-02-07,0.6399999856948853,55.40299987792969
2023-02-08,0.6399999856948853,53.6870002746582
2023-02-09,0.6399999856948853,52.73400115966797
2023-02-10,0.6399999856948853,53.946998596191406
2023-02-13,0.6399999856948853,51.707000732421875
2023-02-14,0.6399999856948853,52.38600158691406
2023-02-15,0.6399999856948853,54.715999603271484
2023-02-16,0.6399999856948853,52.01100158691406
2023-02-17,0.6399999856948853,49.047000885009766
2023-02-20,0.7400000095367432,49.047000885009766
2023-02-21,0.7400000095367432,48.54199981689453
2023-02-22,0.7400000095367432,50.56800079345703
2023-02-23,0.7400000095367432,50.779998779296875
2023-02-24,0.7400000095367432,51.01300048828125
2023-02-27,0.7400000095367432,47.29899978637695
2023-02-28,0.7400000095367432,46.665000915527344
2023-03-01,0.7400000095367432,47.08399963378906
2023-03-02,0.7400000095367432,46.814998626708984
2023-03-03,0.7400000095367432,44.97999954223633
2023-03-06,0.7400000095367432,42.14899826049805
2023-03-07,0.7400000095367432,43.369998931884766
2023-03-08,0.7400000095367432,42.3390007019043
2023-03-09,0.7400000095367432,43.5989990234375
2023-03-10,0.7400000095367432,52.856998443603516
2023-03-13,0.7400000095367432,49.58399963378906
2023-03-14,0.7400000095367432,44.185001373291016
2023-03-15,0.7400000095367432,42.904998779296875
2023-03-16,0.7400000095367432,44.340999603271484
2023-03-17,0.7400000095367432,42.856998443603516
2023-03-20,0.7400000095367432,39.32500076293945
2023-03-21,0.7400000095367432,42.400001525878906
2023-03-22,0.7400000095367432,39.974998474121094
2023-03-23,0.7400000095367432,43.18600082397461
2023-03-24,0.7400000095367432,41.09400177001953
2023-03-27,0.7400000095367432,42.52799987792969
2023-03-28,0.6000000238418579,42.75199890136719
2023-03-29,0.6000000238418579,42.803001403808594
2023-03-30,0.6000000238418579,43.60900115966797
2023-03-31,0.6000000238418579,47.845001220703125
2023-04-03,0.6000000238418579,51.367000579833984
2023-04-04,0.6000000238418579,46.56800079345703
2023-04-05,0.6000000238418579,44.57500076293945
2023-04-06,0.6000000238418579,43.125
2023-04-10,0.6000000238418579,43.125
2023-04-11,0.6000000238418579,43.69200134277344
2023-04-12,0.6000000238418579,42.880001068115234
2023-04-13,0.6000000238418579,42.09299850463867
2023-04-14,0.6000000238418579,41.14899826049805
2023-04-17,0.6000000238418579,41.12699890136719
2023-04-18,0.6000000238418579,42.72200012207031
2023-04-19,0.6000000238418579,40.29800033569336
2023-04-20,0.6000000238418579,40.564998626708984
2023-04-21,0.6000000238418579,40.16400146484375
2023-04-24,0.6000000238418579,39.92499923706055
2023-04-25,0.6000000238418579,39.83300018310547
2023-04-26,0.6000000238418579,38.55099868774414
2023-04-27,0.6000000238418579,39.03900146484375
2023-04-28,0.6000000238418579,38.53799819946289
2023-05-01,0.6000000238418579,38.83399963378906
2023-05-02,0.6000000238418579,37.52899932861328
2023-05-03,0.6000000238418579,36.78200149536133
2023-05-04,0.6000000238418579,35.65299987792969
2023-05-05,0.6000000238418579,36.57400131225586
2023-05-08,0.6000000238418579,36.874000549316406
2023-05-09,0.6000000238418579,35.95000076293945
2023-05-10,0.6000000238418579,34.99300003051758
2023-05-11,0.6000000238418579,34.99300003051758
2023-05-12,0.6000000238418579,32.766998291015625
2023-05-15,0.6000000238418579,32.31399917602539
2023-05-16,0.6000000238418579,31.820999145507812
2023-05-17,0.6000000238418579,31.952999114990234
2023-05-18,0.6000000238418579,29.78499984741211
2023-05-19,0.6000000238418579,30.176000595092773
2023-05-22,0.6000000238418579,29.711000442504883
2023-05-23,0.6000000238418579,29.12700080871582
2023-05-24,0.6000000238418579,27.78499984741211
2023-05-25,0.6000000238418579,25.45199966430664
2023-05-26,0.6000000238418579,24.520000457763672
2023-05-29,0.6000000238418579,24.520000457763672
2023-05-30,0.6000000238418579,24.680999755859375
2023-05-31,0.6000000238418579,26.851999282836914
2023-06-01,0.6000000238418579,23.10300064086914
2023-06-02,0.6000000238418579,23.68899917602539
2023-06-05,0.6000000238418579,28.47800064086914
2023-06-06,0.6000000238418579,24.860000610351562
2023-06-07,0.6000000238418579,26.33099937438965
2023-06-08,0.6000000238418579,26.94499969482422
2023-06-09,0.6000000238418579,32.04899978637695
2023-06-12,0.6000000238418579,31.035999298095703
2023-06-13,0.6000000238418579,36.05099868774414
2023-06-14,0.6000000238418579,38.3120002746582
2023-06-15,0.6000000238418579,41.14500045776367
2023-06-16,0.6000000238418579,35.007999420166016
2023-06-19,0.6000000238418579,35.007999420166016
2023-06-20,0.6000000238418579,38.70800018310547
2023-06-21,0.6000000238418579,36.74300003051758
2023-06-22,0.6000000238418579,34.09700012207031
2023-06-23,0.6000000238418579,32.50699996948242
2023-06-26,0.6000000238418579,31.975000381469727
2023-06-27,0.6000000238418579,34.50600051879883
2023-06-28,0.6000000238418579,34.125
2023-06-29,0.6000000238418579,35.18000030517578
2023-06-30,0.6000000238418579,37.10300064086914
2023-07-03,0.6000000238418579,33.92900085449219
2023-07-04,0.6000000238418579,33.92900085449219
2023-07-05,0.6000000238418579,34.37300109863281
2023-07-06,0.6000000238418579,32.347999572753906
2023-07-07,0.6000000238418579,33.47800064086914
2023-07-10,0.6000000238418579,30.226999282836914
2023-07-11,0.6000000238418579,29.06100082397461
2023-07-12,0.6000000238418579,26.638999938964844
2023-07-13,0.6000000238418579,26.60700035095215
2023-07-14,0.6000000238418579,25.957000732421875
2023-07-17,0.6000000238418579,25.10099983215332
2023-07-18,0.6000000238418579,27.069000244140625
2023-07-19,0.6000000238418579,26.96299934387207
2023-07-20,0.6000000238418579,28.01799964904785
2023-07-21,0.6000000238418579,28.163999557495117
2023-07-24,0.6000000238418579,30.55699920654297
2023-07-25,0.6000000238418579,32.64799880981445
2023-07-26,0.6000000238418579,29.274999618530273
2023-07-27,0.6000000238418579,28.43400001525879
2023-07-28,0.6000000238418579,25.840999603271484
2023-07-31,0.6000000238418579,28.365999221801758
2023-08-01,0.6000000238418579,27.12299919128418
2023-08-02,0.6000000238418579,28.742000579833984
2023-08-03,0.6000000238418579,30.472999572753906
2023-08-04,0.6000000238418579,28.85300064086914
2023-08-07,0.6000000238418579,30.48699951171875
2023-08-08,0.6000000238418579,31.06599998474121
2023-08-09,0.6000000238418579,39.823001861572266
2023-08-10,0.6000000238418579,37.055999755859375
2023-08-11,0.6000000238418579,35.29999923706055
2023-08-14,0.6000000238418579,34.433998107910156
2023-08-15,0.6000000238418579,38.8129997253418
2023-08-16,0.6000000238418579,37.784000396728516
2023-08-17,0.6000000238418579,36.82500076293945
2023-08-18,0.6000000238418579,36.40999984741211
2023-08-21,0.6000000238418579,40.78200149536133
2023-08-22,0.6000000238418579,42.90800094604492
2023-08-23,0.6000000238418579,36.7859992980957
2023-08-24,0.6000000238418579,31.937999725341797
2023-08-25,0.6000000238418579,34.777000427246094
2023-08-28,0.6000000238418579,38.41400146484375
2023-08-29,0.6000000238418579,35.19499969482422
2023-08-30,0.6000000238418579,35.992000579833984
2023-08-31,0.6000000238418579,35.02899932861328
2023-09-01,0.6000000238418579,35.617000579833984
2023-09-04,0.6000000238418579,35.617000579833984
2023-09-05,0.6000000238418579,34.44900131225586
2023-09-06,0.699999988079071,31.075000762939453
2023-09-07,0.699999988079071,32.755001068115234
2023-09-08,0.699999988079071,34.507999420166016
2023-09-11,0.699999988079071,35.847999572753906
2023-09-12,0.699999988079071,34.70100021362305
2023-09-13,0.699999988079071,36.81700134277344
2023-09-14,0.699999988079071,35.520999908447266
2023-09-15,0.699999988079071,36.483001708984375
2023-09-18,0.699999988079071,34.474998474121094
2023-09-19,0.699999988079071,36.78200149536133
2023-09-20,0.699999988079071,37.284000396728516
2023-09-21,0.699999988079071,39.10499954223633
2023-09-22,0.699999988079071,39.79100036621094
2023-09-25,0.699999988079071,44.44200134277344
2023-09-26,0.699999988079071,40.321998596191406
2023-09-27,0.699999988079071,39.29600143432617
2023-09-28,0.699999988079071,39.736000061035156
2023-09-29,0.699999988079071,41.85900115966797
2023-10-02,0.699999988079071,39.334999084472656
2023-10-03,0.699999988079071,36.98699951171875
2023-10-04,0.699999988079071,38.441001892089844
2023-10-05,0.699999988079071,36.207000732421875
2023-10-06,0.699999988079071,38.23099899291992
2023-10-09,0.699999988079071,43.952999114990234
2023-10-10,0.699999988079071,49.45500183105469
2023-10-11,0.699999988079071,46.06800079345703
2023-10-12,0.699999988079071,53.00199890136719
2023-10-13,0.699999988079071,53.981998443603516
2023-10-16,0.699999988079071,48.46699905395508
2023-10-17,0.699999988079071,48.895999908447266
2023-10-18,0.699999988079071,50.83300018310547
2023-10-19,0.699999988079071,50.172000885009766
2023-10-20,0.699999988079071,51.11199951171875
2023-10-23,0.699999988079071,51.2760009765625
2023-10-24,0.6299999952316284,49.263999938964844
2023-10-25,0.6299999952316284,49.92399978637695
2023-10-26,0.6299999952316284,50.808998107910156
2023-10-27,0.6299999952316284,50.53200149536133
2023-10-30,0.6299999952316284,50.547000885009766
2023-10-31,0.6299999952316284,48.00600051879883
2023-11-01,0.6299999952316284,47.75699996948242
2023-11-02,0.6299999952316284,48.56399917602539
2023-11-03,0.6299999952316284,48.05699920654297
2023-11-06,0.6299999952316284,44.832000732421875
2023-11-07,0.6299999952316284,46.05699920654297
2023-11-08,0.6299999952316284,45.777000427246094
2023-11-09,0.6299999952316284,48.12900161743164
2023-11-10,0.6299999952316284,46.63199996948242
2023-11-13,0.6299999952316284,47.87300109863281
2023-11-14,0.6299999952316284,47.608001708984375
2023-11-15,0.6299999952316284,47.0369987487793
2023-11-16,0.6299999952316284,45.8489990234375
2023-11-17,0.6299999952316284,45.06399917602539
2023-11-20,0.6299999952316284,45.82099914550781
2023-11-21,0.6299999952316284,44.064998626708984
2023-11-22,0.6299999952316284,44.61600112915039
2023-11-23,0.6299999952316284,46.58000183105469
2023-11-24,0.6299999952316284,46.65700149536133
2023-11-27,0.6299999952316284,43.98400115966797
2023-11-28,0.6299999952316284,42.77399826049805
2023-11-29,0.6299999952316284,40.36000061035156
2023-11-30,0.5849999785423279,42.090999603271484
2023-12-01,0.5849999785423279,43.49599838256836
2023-12-04,0.5849999785423279,40.104000091552734
2023-12-05,0.5849999785423279,38.132999420166016
2023-12-06,0.6000000238418579,39.3129997253418
2023-12-07,0.6000000238418579,39.96799850463867
2023-12-08,0.6000000238418579,38.597999572753906
2023-12-11,0.6000000238418579,36.11800003051758
2023-12-12,0.6000000238418579,34.702999114990234
2023-12-13,0.6000000238418579,35.8120002746582
2023-12-14,0.6000000238418579,34.849998474121094
2023-12-15,0.6000000238418579,33.18899917602539
2023-12-18,0.6800000071525574,35.52199935913086
2023-12-19,0.6899999976158142,32.56800079345703
2023-12-20,0.6000000238418579,33.520999908447266
2023-12-21,0.6000000238418579,34.202999114990234
2023-12-22,0.6000000238418579,34.17399978637695
2023-12-26,0.6000000238418579,34.17399978637695
2023-12-27,0.6000000238418579,35.51300048828125
2023-12-28,0.6000000238418579,33.10499954223633
2023-12-29,0.6000000238418579,32.349998474121094
2024-01-02,0.6000000238418579,30.57200050354004
2024-01-03,0.6000000238418579,32.79499816894531
2024-01-04,0.6000000238418579,33.40999984741211
2024-01-05,0.6000000238418579,34.55099868774414
2024-01-08,0.6000000238418579,31.579999923706055
2024-01-09,0.6000000238418579,30.641000747680664
2024-01-10,0.6000000238418579,30.941999435424805
2024-01-11,0.6000000238418579,30.816999435424805
2024-01-12,0.6000000238418579,31.990999221801758
2024-01-15,0.6000000238418579,31.990999221801758
2024-01-16,0.6000000238418579,29.6560001373291
2024-01-17,0.6000000238418579,27.70800018310547
2024-01-18,0.6000000238418579,27.89299964904785
2024-01-19,0.6000000238418579,28.429000854492188
2024-01-22,0.6000000238418579,27.263999938964844
2024-01-23,0.6000000238418579,27.226999282836914
2024-01-24,0.6000000238418579,28.929000854492188
2024-01-25,0.6000000238418579,27.784000396728516
2024-01-26,0.6000000238418579,28.07900047302246
2024-01-29,0.6000000238418579,28.173999786376953
2024-01-30,0.6000000238418579,29.391000747680664
2024-01-31,0.6000000238418579,30.235000610351562
2024-02-01,0.6000000238418579,28.990999221801758
2024-02-02,0.6000000238418579,29.304000854492188
2024-02-05,0.6000000238418579,28.340999603271484
2024-02-06,0.6000000238418579,28.60700035095215
2024-02-07,0.5400000214576721,28.18600082397461
2024-02-08,0.5400000214576721,27.812000274658203
2024-02-09,0.5400000214576721,27.117000579833984
2024-02-12,0.5400000214576721,25.729000091552734
2024-02-13,0.5400000214576721,25.43600082397461
2024-02-14,0.5400000214576721,24.85700035095215
2024-02-15,0.5400000214576721,24.965999603271484
2024-02-16,0.5400000214576721,24.82200050354004
2024-02-19,0.5400000214576721,24.82200050354004
2024-02-20,0.5400000214576721,24.167999267578125
2024-02-21,0.5400000214576721,23.976999282836914
2024-02-22,0.5400000214576721,23.19300079345703
2024-02-23,0.5400000214576721,22.93400001525879
2024-02-26,0.5400000214576721,24.009000778198242
2024-02-27,0.5400000214576721,24.392000198364258
2024-02-28,0.5400000214576721,25.618999481201172
2024-02-29,0.5400000214576721,24.864999771118164
2024-03-01,0.5400000214576721,25.80900001525879
2024-03-04,0.5400000214576721,26.885000228881836
2024-03-05,0.5400000214576721,27.468000411987305
2024-03-06,0.5400000214576721,26.57200050354004
2024-03-07,0.5400000214576721,25.992000579833984
2024-03-08,0.5400000214576721,26.392000198364258
2024-03-11,0.5400000214576721,24.93000030517578
2024-03-12,0.5400000214576721,24.774999618530273
2024-03-13,0.5400000214576721,24.902999877929688
2024-03-14,0.5400000214576721,26.048999786376953
2024-03-15,0.5400000214576721,27.025999069213867
2024-03-18,0.5400000214576721,28.82200050354004
2024-03-19,0.5400000214576721,28.865999221801758
2024-03-20,0.5099999904632568,27.742000579833984
2024-03-21,0.5099999904632568,26.402000427246094
2024-03-22,0.5099999904632568,27.775999069213867
2024-03-25,0.5099999904632568,28.48900032043457
2024-03-26,0.5099999904632568,27.131999969482422
2024-03-27,0.5099999904632568,27.687000274658203
2024-03-28,0.5099999904632568,27.34000015258789
2024-04-02,0.5099999904632568,26.202999114990234
2024-04-03,0.5099999904632568,25.562999725341797
2024-04-04,0.5099999904632568,26.20599937438965
2024-04-05,0.5099999904632568,26.606000900268555
2024-04-08,0.5099999904632568,27.908000946044922
2024-04-09,0.5099999904632568,27.35099983215332
2024-04-10,0.5099999904632568,27.100000381469727
2024-04-11,0.5099999904632568,29.37700080871582
2024-04-12,0.5099999904632568,30.73200035095215
2024-04-15,0.5099999904632568,31.14299964904785
2024-04-16,0.5099999904632568,33.138999938964844
2024-04-17,0.5099999904632568,31.288999557495117
2024-04-18,0.5099999904632568,32.308998107910156
2024-04-19,0.5099999904632568,30.757999420166016
2024-04-22,0.5099999904632568,29.309999465942383
2024-04-23,0.5099999904632568,28.41699981689453
2024-04-24,0.5099999904632568,29.01799964904785
2024-04-25,0.5099999904632568,29.770999908447266
2024-04-26,0.5099999904632568,28.88599967956543
2024-04-29,0.5099999904632568,27.993999481201172
2024-04-30,0.5099999904632568,29.118000030517578
2024-05-01,0.5099999904632568,28.729999542236328
2024-05-02,0.5099999904632568,30.913000106811523
2024-05-03,0.5099999904632568,30.527999877929688
2024-05-06,0.5799999833106995,31.801000595092773
2024-05-07,0.5799999833106995,31.066999435424805
2024-05-08,0.5799999833106995,30.608999252319336
2024-05-09,0.5799999833106995,30.864999771118164
2024-05-10,0.5799999833106995,30.02899932861328
2024-05-13,0.5799999833106995,29.577999114990234
2024-05-14,0.5799999833106995,29.66900062561035
2024-05-15,0.6499999761581421,29.733999252319336
2024-05-16,0.6499999761581421,30.24799919128418
2024-05-17,0.6499999761581421,30.768999099731445
2024-05-20,0.6499999761581421,31.76799964904785
2024-05-21,0.6499999761581421,33.00400161743164
2024-05-22,0.6499999761581421,34.388999938964844
2024-05-23,0.6499999761581421,35.22800064086914
2024-05-24,0.5199999809265137,34.1150016784668
2024-05-27,0.5199999809265137,34.1150016784668
2024-05-28,0.5199999809265137,33.534000396728516
2024-05-29,0.5199999809265137,33.87900161743164
2024-05-30,0.5199999809265137,35.19200134277344
2024-05-31,0.5199999809265137,34.222999572753906
2024-06-03,0.5199999809265137,36.013999938964844
2024-06-04,0.5199999809265137,33.797000885009766
2024-06-05,0.5199999809265137,33.35499954223633
2024-06-06,0.5199999809265137,33.68600082397461
2024-06-07,0.5199999809265137,33.10900115966797
2024-06-10,0.5199999809265137,34.257999420166016
2024-06-11,0.5199999809265137,34.28499984741211
2024-06-12,0.5199999809265137,35.29399871826172
2024-06-13,0.5099999904632568,35.7239990234375
2024-06-14,0.5099999904632568,35.36000061035156
2024-06-17,0.5099999904632568,34.209999084472656
2024-06-18,0.5099999904632568,34.70000076293945
2024-06-19,0.5099999904632568,34.70000076293945
2024-06-20,0.5099999904632568,34.4640007019043
2024-06-21,0.5099999904632568,33.93600082397461
2024-06-24,0.5099999904632568,34.08000183105469
2024-06-25,0.5099999904632568,34.85300064086914
2024-06-26,0.5099999904632568,33.82400131225586
2024-06-27,0.5099999904632568,34.564998626708984
2024-06-28,0.5099999904632568,34.47999954223633
2024-07-01,0.5099999904632568,33.48500061035156
2024-07-02,0.5099999904632568,33.685001373291016
2024-07-03,0.5099999904632568,32.691001892089844
2024-07-04,0.5099999904632568,32.691001892089844
2024-07-05,0.5099999904632568,33.06700134277344
2024-07-08,0.5099999904632568,32.2859992980957
2024-07-09,0.5099999904632568,31.334999084472656
2024-07-10,0.5099999904632568,30.784000396728516
2024-07-11,0.5099999904632568,31.11199951171875
2024-07-12,0.5099999904632568,31.7189998626709
2024-07-15,0.5099999904632568,31.371000289916992
2024-07-16,0.5099999904632568,32.797000885009766
2024-07-17,0.5099999904632568,31.89299964904785
2024-07-18,0.5099999904632568,32.67399978637695
2024-07-19,0.5099999904632568,32.16999816894531
2024-07-22,0.5099999904632568,31.839000701904297
2024-07-23,0.5099999904632568,31.621999740600586
2024-07-24,0.5099999904632568,32.62099838256836
2024-07-25,0.5099999904632568,31.77899932861328
2024-07-26,0.5099999904632568,32.474998474121094
2024-07-29,0.5099999904632568,33.87300109863281
2024-07-30,0.5099999904632568,34.361000061035156
2024-07-31,0.5099999904632568,35.86800003051758
2024-08-01,0.5099999904632568,36.96900177001953
2024-08-02,0.5099999904632568,36.64899826049805
2024-08-05,0.5099999904632568,35.49800109863281
2024-08-06,0.5099999904632568,36.67599868774414
2024-08-07,0.5099999904632568,38.45100021362305
2024-08-08,0.5099999904632568,40.095001220703125
2024-08-09,0.5099999904632568,40.395999908447266
2024-08-12,0.5099999904632568,39.65800094604492
2024-08-13,0.5099999904632568,39.47999954223633
2024-08-14,0.5099999904632568,38.96699905395508
2024-08-15,0.5099999904632568,39.60100173950195
2024-08-16,0.5099999904632568,39.64400100708008
2024-08-19,0.5099999904632568,39.845001220703125
2024-08-20,0.5099999904632568,37.957000732421875
2024-08-21,0.5099999904632568,37.0099983215332
2024-08-22,0.5099999904632568,36.58700180053711
2024-08-23,0.5099999904632568,36.862998962402344
2024-08-26,0.5,37.65599822998047
2024-08-27,0.5,38.68899917602539
2024-08-28,0.5,38.52000045776367
2024-08-29,0.5,38.60100173950195
2024-08-30,0.5,39.823001861572266
2024-09-02,0.5,39.823001861572266
2024-09-03,0.5,37.19300079345703
2024-09-04,0.5,35.79800033569336
2024-09-05,0.5,36.19499969482422
2024-09-06,0.5,36.479000091552734
2024-09-09,0.5,37.33300018310547
2024-09-10,0.5,35.28200149536133
2024-09-11,0.5,36.141998291015625
2024-09-12,0.5,35.191001892089844
2024-09-13,0.5,35.64799880981445
2024-09-16,0.5,34.08100128173828
2024-09-17,0.5,35.547000885009766
2024-09-18,0.5,35.244998931884766
2024-09-19,0.5,33.08300018310547
2024-09-20,0.5,34.444000244140625
2024-09-23,0.5,36.21099853515625
2024-09-24,0.5,35.41299819946289
2024-09-25,0.5,37.319000244140625
2024-09-26,0.5,37.88999938964844
2024-09-27,0.5,38.11399841308594
2024-09-30,0.5,39.04399871826172
2024-10-01,0.5,39.27299880981445
2024-10-02,0.5,38.617000579833984
2024-10-03,0.5,39.9119987487793
2024-10-04,0.5,40.97999954223633
2024-10-07,0.5,40.24399948120117
2024-10-08,0.5,38.91899871826172
2024-10-09,0.5,38.340999603271484
2024-10-10,0.5,40.292999267578125
2024-10-11,0.5,39.87900161743164
2024-10-14,0.5,40.558998107910156
2024-10-15,0.5,39.972999572753906
2024-10-16,0.5,39.24100112915039
2024-10-17,0.5,39.650001525878906
2024-10-18,0.5,39.20399856567383
2024-10-21,0.5,40.02399826049805
2024-10-22,0.5,40.70399856567383
2024-10-23,0.5,41.380001068115234
2024-10-24,0.5,42.15399932861328
2024-10-25,0.5,43.51300048828125
2024-10-28,0.5,42.51900100708008
2024-10-29,0.5,42.86899948120117
2024-10-30,0.5,40.90299987792969
2024-10-31,0.5,40.5880012512207
2024-11-01,0.5,39.17499923706055
2024-11-04,0.5,40.30099868774414
2024-11-05,0.5,40.492000579833984
2024-11-06,0.5,40.38800048828125
2024-11-07,0.5,41.2760009765625
2024-11-08,0.5,42.409000396728516
2024-11-11,0.5,43.72800064086914
2024-11-12,0.5,44.255001068115234
2024-11-13,0.5,43.66600036621094
2024-11-14,0.5,46.2239990234375
2024-11-15,0.5,46.55099868774414
2024-11-18,0.5,46.900001525878906
2024-11-19,0.5,45.667999267578125
2024-11-20,0.5,46.79600143432617
2024-11-21,0.5,48.303001403808594
2024-11-22,0.5,47.018001556396484
2024-11-25,0.5,47.733001708984375
2024-11-26,0.5,47.215999603271484
2024-11-27,0.5,46.762001037597656
2024-11-28,0.5,46.762001037597656
2024-11-29,0.5,47.81100082397461
2024-12-02,0.5,48.654998779296875
2024-12-03,0.5,48.55699920654297
2024-12-04,0.5,47.04600143432617
2024-12-05,0.5,46.55099868774414
2024-12-06,0.5,46.47999954223633
2024-12-09,0.5,44.85499954223633
2024-12-10,0.5,45.551998138427734
2024-12-11,0.5,44.694000244140625
2024-12-12,0.5199999809265137,42.80400085449219
2024-12-13,0.5199999809265137,41.21500015258789
2024-12-16,0.5199999809265137,40.277000427246094
2024-12-17,0.5199999809265137,42.064998626708984
2024-12-18,0.5199999809265137,41.00699996948242
2024-12-19,0.5199999809265137,43.077999114990234
2024-12-20,0.5199999809265137,44.130001068115234
2024-12-23,0.5199999809265137,45.54499816894531
2024-12-24,0.5,45.73099899291992
2024-12-26,0.5,45.73099899291992
2024-12-27,0.5,47.73099899291992
2024-12-30,0.5,47.632999420166016
2024-12-31,0.5,48.888999938964844
2025-01-02,0.5,50.27299880981445
2025-01-03,0.5,49.62200164794922
2025-01-06,0.5,47.32600021362305
2025-01-07,0.5,47.4739990234375
2025-01-08,0.5,45.558998107910156
2025-01-09,0.5,44.98699951171875
2025-01-10,0.5,45.007999420166016
2025-01-13,0.5,48.26100158691406
2025-01-14,0.5,46.946998596191406
2025-01-15,0.5,47.00600051879883
2025-01-16,0.5,46.24100112915039
2025-01-17,0.5,46.887001037597656
2025-01-20,0.5,46.887001037597656
2025-01-21,0.5,50.027000427246094
2025-01-22,0.5,48.715999603271484
2025-01-23,0.5,49.12300109863281
2025-01-24,0.5,49.70199966430664
2025-01-27,0.5,47.86199951171875
2025-01-28,0.5,48.2239990234375
2025-01-29,0.5,51.15599822998047
2025-01-30,0.5,51.72600173950195
2025-01-31,0.5,53.23699951171875
2025-02-03,0.5,53.79399871826172
2025-02-04,0.5,52.04800033569336
2025-02-05,0.5,53.4379997253418
2025-02-06,0.5,54.50199890136719
2025-02-07,0.5,55.722999572753906
2025-02-10,0.5,58.03900146484375
2025-02-11,0.5,57.76599884033203
2025-02-12,0.5,55.6609992980957
2025-02-13,0.5,51.382999420166016
2025-02-14,0.5,50.685001373291016
2025-02-17,0.5,50.685001373291016
2025-02-18,0.5,49.21500015258789
2025-02-19,0.5,48.263999938964844
2025-02-20,0.5,47.49399948120117
2025-02-21,0.5,47.19499969482422
2025-02-24,0.5,47.14400100708008
2025-02-25,0.5,44.29100036621094
2025-02-26,0.5,41.33599853515625
2025-02-27,0.5,44.93000030517578
2025-02-28,0.5,44.31999969482422
2025-03-03,0.5,45.2130012512207
2025-03-04,0.5,43.4640007019043
2025-03-05,0.5,41.507999420166016
2025-03-06,0.5,38.2400016784668
2025-03-07,0.5,39.97100067138672
2025-03-10,0.5,41.231998443603516
2025-03-11,0.5,42.709999084472656
2025-03-12,0.5,42.25400161743164
2025-03-13,0.5,42.07600021362305
2025-03-14,0.5,42.290000915527344
2025-03-17,0.5,41.24800109863281
2025-03-18,0.5,40.755001068115234
2025-03-19,0.5,43.35499954223633
2025-03-20,0.5,42.85499954223633
2025-03-21,0.5,42.60499954223633
2025-03-24,0.5,42.74800109863281
2025-03-25,0.5,41.55500030517578
2025-03-26,0.5,40.869998931884766
2025-03-27,0.5,41.20199966430664
2025-03-28,0.5,40.58700180053711
2025-03-31,0.5,40.66699981689453
2025-04-01,0.5,42.45000076293945
2025-04-02,0.75,41.26300048828125
2025-04-03,0.75,39.202999114990234
2025-04-04,0.75,36.4010009765625
2025-04-07,0.9900000095367432,37.0
2025-04-08,0.9900000095367432,36.23099899291992
2025-04-09,1.2100000381469727,33.66600036621094
2025-04-10,1.25,33.292999267578125
2025-04-11,1.3799999952316284,33.4630012512207
2025-04-14,1.5099999904632568,34.499000549316406
2025-04-15,1.649999976158142,34.40700149536133
2025-04-16,1.8799999952316284,35.3120002746582
2025-04-17,1.8799999952316284,35.65700149536133
2025-04-21,1.8799999952316284,35.65700149536133
2025-04-22,1.8700000047683716,34.24399948120117
2025-04-23,1.8799999952316284,34.15999984741211
2025-04-24,1.9800000190734863,33.57400131225586
2025-04-25,1.7999999523162842,32.43199920654297
2025-04-28,1.7999999523162842,32.39799880981445
2025-04-29,1.7999999523162842,31.856000900268555
2025-04-30,1.7999999523162842,32.31700134277344
2025-05-01,1.7999999523162842,32.14899826049805
2025-05-02,1.2599999904632568,33.077999114990234
2025-05-05,1.2300000190734863,32.93000030517578
2025-05-06,1.2300000190734863,34.74300003051758
2025-05-07,1.2300000190734863,34.53099822998047
2025-05-08,1.2300000190734863,35.340999603271484
2025-05-09,1.2300000190734863,34.61800003051758
2025-05-12,1.2300000190734863,35.38999938964844
2025-05-13,1.2300000190734863,35.74399948120117
2025-05-14,1.2300000190734863,35.04800033569336
2025-05-15,1.2300000190734863,35.29399871826172
2025-05-16,1.2300000190734863,35.15599822998047
2025-05-19,1.2300000190734863,35.224998474121094
2025-05-20,1.2300000190734863,36.979000091552734
2025-05-21,1.2300000190734863,36.62099838256836
2025-05-22,1.0099999904632568,36.35599899291992
2025-05-23,1.0099999904632568,36.45000076293945
2025-05-26,1.0099999904632568,36.45000076293945
2025-05-27,0.9200000166893005,37.00600051879883
2025-05-28,0.9200000166893005,36.6870002746582
2025-05-29,0.9200000166893005,35.15800094604492
2025-05-30,0.8999999761581421,34.22800064086914
2025-06-02,0.8999999761581421,35.01499938964844
2025-06-03,0.8999999761581421,35.847999572753906
2025-06-04,0.8999999761581421,35.650001525878906
2025-06-05,0.8999999761581421,36.393001556396484
2025-06-06,0.8999999761581421,36.250999450683594
2025-06-09,0.8999999761581421,35.60499954223633
2025-06-10,0.8999999761581421,34.63800048828125
2025-06-11,0.8999999761581421,35.91299819946289
2025-06-12,0.8999999761581421,36.176998138427734
2025-06-13,0.8999999761581421,37.89400100708008
2025-06-16,1.0,37.90599822998047
2025-06-17,1.0,39.308998107910156
2025-06-18,1.0,38.69300079345703
2025-06-19,0.8999999761581421,38.69300079345703
2025-06-20,0.8999999761581421,40.92900085449219
2025-06-23,0.8999999761581421,40.52199935913086
2025-06-24,0.8999999761581421,35.6150016784668
2025-06-25,0.8999999761581421,35.4010009765625
2025-06-26,0.8999999761581421,34.02399826049805
2025-06-27,0.8999999761581421,33.08700180053711
2025-06-30,0.8999999761581421,32.89799880981445
2025-07-01,0.8999999761581421,33.69300079345703
2025-07-02,0.8999999761581421,33.590999603271484
2025-07-03,0.8999999761581421,33.62099838256836
2025-07-04,0.8999999761581421,33.43000030517578
2025-07-07,0.75,33.62099838256836
2025-07-08,0.75,34.21900177001953
2025-07-09,0.75,34.30400085449219
2025-07-10,0.75,35.16999816894531
2025-07-11,0.75,35.56100082397461
2025-07-14,0.75,35.45399856567383
2025-07-15,0.75,34.44499969482422
2025-07-16,0.75,34.808998107910156
2025-07-17,0.75,34.40700149536133
2025-07-18,0.75,33.595001220703125
2025-07-21,0.8299999833106995,33.159000396728516
2025-07-22,0.8450000286102295,33.111000061035156
2025-07-23,0.8450000286102295,32.689998626708984
2025-07-24,0.8450000286102295,32.358001708984375
2025-07-25,0.8450000286102295,32.499000549316406
2025-07-28,0.8450000286102295,32.89899826049805
2025-07-29,0.8450000286102295,34.10300064086914
2025-07-30,0.8450000286102295,34.5369987487793
2025-07-31,0.8450000286102295,35.27899932861328
2025-08-01,0.8450000286102295,33.97200012207031
2025-08-04,0.8450000286102295,34.28300094604492
2025-08-05,0.8450000286102295,34.40599822998047
2025-08-06,0.8450000286102295,33.25699996948242
2025-08-07,0.8450000286102295,32.95100021362305
2025-08-08,1.1100000143051147,32.44599914550781
2025-08-11,1.2000000476837158,32.999000549316406
2025-08-12,1.2000000476837158,32.409000396728516
2025-08-13,1.2000000476837158,32.599998474121094
2025-08-14,1.4600000381469727,32.14099884033203
2025-08-15,1.4600000381469727,31.0310001373291
2025-08-18,1.4600000381469727,31.27199935913086
2025-08-19,1.4600000381469727,31.226999282836914
2025-08-20,1.600000023841858,31.9060001373291
2025-08-21,1.7599999904632568,33.17499923706055
2025-08-22,1.7599999904632568,33.573001861572266
2025-08-25,1.7599999904632568,33.77399826049805
2025-08-26,1.7599999904632568,33.459999084472656
2025-08-27,1.7599999904632568,32.55099868774414
2025-08-28,1.7599999904632568,31.55900001525879
2025-08-29,1.9299999475479126,31.621999740600586
2025-09-01,2.119999885559082,31.621999740600586
2025-09-02,2.1600000858306885,31.77199935913086
2025-09-03,2.200000047683716,32.11199951171875
2025-09-04,2.5399999618530273,32.4119987487793
2025-09-05,3.0399999618530273,31.9689998626709
2025-09-08,3.059999942779541,33.06399917602539
2025-09-09,3.3399999141693115,32.930999755859375
2025-09-10,3.6600000858306885,33.12200164794922
2025-09-11,3.799999952316284,32.323001861572266
2025-09-12,3.799999952316284,32.6619987487793
2025-09-15,3.700000047683716,32.15399932861328
2025-09-16,3.700000047683716,32.32899856567383
2025-09-17,3.700000047683716,32.4010009765625
2025-09-18,3.700000047683716,32.95199966430664
2025-09-19,3.700000047683716,32.30799865722656
2025-09-22,3.700000047683716,31.8439998626709
2025-09-23,3.700000047683716,32.26499938964844
2025-09-24,3.700000047683716,31.902999877929688
2025-09-25,3.700000047683716,32.45600128173828
2025-09-26,3.700000047683716,32.696998596191406
2025-09-29,1.9800000190734863,32.060001373291016
2025-09-30,1.9800000190734863,31.410999298095703
2025-10-01,1.6299999952316284,31.334999084472656
2025-10-02,1.6299999952316284,31.454999923706055
2025-10-03,1.6200000047683716,31.437999725341797
2025-10-06,1.6399999856948853,33.11600112915039
2025-10-07,1.6399999856948853,33.24599838256836
2025-10-08,1.6399999856948853,32.70000076293945
2025-10-09,1.6399999856948853,32.362998962402344
2025-10-10,1.6399999856948853,32.16999816894531
2025-10-13,1.6399999856948853,31.475000381469727
2025-10-14,1.4600000381469727,31.801000595092773
2025-10-15,1.4600000381469727,31.826000213623047
2025-10-16,1.4600000381469727,32.37799835205078
2025-10-17,1.4600000381469727,31.81599998474121
2025-10-20,1.3200000524520874,31.73900032043457
2025-10-21,1.3200000524520874,32.20000076293945
2025-10-22,1.399999976158142,31.76799964904785
2025-10-23,1.399999976158142,32.45399856567383
2025-10-24,1.399999976158142,32.01599884033203
2025-10-27,1.190000057220459,31.399999618530273
2025-10-28,1.190000057220459,31.493999481201172
2025-10-29,1.4500000476837158,31.868999481201172
2025-10-30,1.190000057220459,31.04800033569336
2025-10-31,1.190000057220459,31.121999740600586
2025-11-03,1.690000057220459,31.740999221801758
2025-11-04,1.690000057220459,32.55099868774414
2025-11-05,1.7000000476837158,31.819000244140625
2025-11-06,1.7000000476837158,31.54800033569336
2025-11-07,1.7000000476837158,31.201000213623047
2025-11-10,1.7000000476837158,31.070999145507812
2025-11-11,1.7000000476837158,31.101999282836914
2025-11-12,1.7000000476837158,30.933000564575195
2025-11-13,1.7000000476837158,30.45800018310547
2025-11-14,1.7000000476837158,31.25
2025-11-17,1.440000057220459,31.417999267578125
2025-11-18,1.440000057220459,31.694000244140625
2025-11-19,1.440000057220459,30.940000534057617
2025-11-20,1.440000057220459,31.159000396728516
2025-11-21,1.440000057220459,30.197999954223633
2025-11-24,1.440000057220459,29.746999740600586
2025-11-25,1.440000057220459,29.38599967956543
2025-11-26,1.440000057220459,29.368000030517578
2025-11-27,1.440000057220459,29.368000030517578
2025-11-28,1.440000057220459,28.816999435424805
2025-12-01,1.2407540082931519,28.226999282836914
2025-12-02,1.2407540082931519,28.049999237060547
2025-12-03,1.2407540082931519,28.20599937438965
2025-12-04,1.2407540082931519,27.08799934387207
2025-12-05,1.2579870223999023,27.266000747680664
2025-12-08,1.3700000047683716,26.871000289916992
2025-12-09,1.4600000381469727,27.48900032043457
2025-12-10,1.2599999904632568,26.601999282836914
2025-12-11,1.2599999904632568,26.80500030517578
2025-12-12,1.1299999952316284,27.68400001525879
2025-12-15,1.3600000143051147,27.424999237060547
2025-12-16,1.3600000143051147,26.763999938964844
2025-12-17,1.350000023841858,27.35700035095215
2025-12-18,1.1100000143051147,27.652000427246094
2025-12-19,1.350000023841858,28.160999298095703
2025-12-22,1.350000023841858,27.687000274658203
2025-12-23,1.350000023841858,27.73200035095215
2025-12-24,1.4800000190734863,28.094999313354492
2025-12-26,1.4800000190734863,28.094999313354492
2025-12-29,1.4800000190734863,28.534000396728516
2025-12-30,1.4800000190734863,27.766000747680664
2025-12-31,1.4800000190734863,28.160999298095703
2026-01-02,1.4500000476837158,29.003999710083008
2026-01-05,1.4700000286102295,27.39900016784668
2026-01-06,1.4700000286102295,28.07200050354004
2026-01-07,1.4700000286102295,28.777000427246094
2026-01-08,1.4700000286102295,27.698999404907227
2026-01-09,1.4700000286102295,28.374000549316406
2026-01-12,1.2200000286102295,30.246000289916992
2026-01-13,1.2300000190734863,31.472999572753906
2026-01-14,1.600000023841858,31.812999725341797
2026-01-15,1.600000023841858,33.15800094604492
2026-01-16,1.6399999856948853,36.87900161743164
2026-01-19,1.6399999856948853,36.87900161743164
2026-01-20,1.6399999856948853,35.887001037597656
2026-01-21,1.6399999856948853,39.20800018310547
2026-01-22,1.6399999856948853,38.07899856567383
2026-01-23,1.600000023841858,40.03900146484375
2026-01-26,1.600000023841858,39.11199951171875
2026-01-27,1.600000023841858,38.76100158691406
2026-01-28,1.600000023841858,38.861000061035156
2026-01-29,1.600000023841858,40.112998962402344
2026-01-30,1.4500000476837158,39.28499984741211
2026-02-02,1.4500000476837158,33.94499969482422
2026-02-03,1.4500000476837158,32.86000061035156
2026-02-04,1.690000057220459,33.500999450683594
2026-02-05,1.690000057220459,33.73500061035156
2026-02-06,1.690000057220459,35.694000244140625
2026-02-09,1.6799999475479126,33.49599838256836
2026-02-10,1.6799999475479126,31.84600067138672
2026-02-11,1.6799999475479126,32.16699981689453
2026-02-12,1.6799999475479126,32.99399948120117
2026-02-13,1.6799999475479126,32.5
2026-02-16,1.2899999618530273,32.5
2026-02-17,1.5700000524520874,29.82200050354004
2026-02-18,1.5700000524520874,31.481000900268555
2026-02-19,1.5700000524520874,33.52299880981445
2026-02-20,1.5700000524520874,32.02899932861328
2026-02-23,1.5700000524520874,31.833999633789062
2026-02-24,1.5700000524520874,30.891000747680664
2026-02-25,1.2799999713897705,31.049999237060547
2026-02-26,1.2799999713897705,32.2239990234375
2026-02-27,1.2799999713897705,31.958999633789062
2026-03-02,1.5399999618530273,44.50600051879883
2026-03-03,1.5399999618530273,54.290000915527344
2026-03-04,1.5399999618530273,48.766998291015625
2026-03-05,1.5399999618530273,50.73099899291992
2026-03-06,1.5399999618530273,53.3849983215332
2026-03-09,1.1799999475479126,56.452999114990234
2026-03-10,1.1799999475479126,47.393001556396484
2026-03-11,1.1799999475479126,49.98899841308594
2026-03-12,1.1799999475479126,50.869998931884766
2026-03-13,1.1799999475479126,50.1150016784668
2026-03-16,1.1799999475479126,50.887001037597656
2026-03-17,1.1799999475479126,51.558998107910156
2026-03-18,1.1799999475479126,54.6619987487793
2026-03-19,1.1799999475479126,61.85200119018555
2026-03-20,1.1799999475479126,59.255001068115234
2026-03-23,1.1799999475479126,56.68299865722656
2026-03-24,1.1799999475479126,54.04100036621094
2026-03-25,1.1799999475479126,52.816001892089844
2026-03-26,1.1799999475479126,55.21799850463867
2026-03-27,1.3799999952316284,54.176998138427734
2026-03-30,1.3799999952316284,54.81399917602539
2026-03-31,1.3799999952316284,50.75699996948242
2026-04-01,1.3799999952316284,47.5099983215332
2026-04-02,1.3799999952316284,50.04399871826172
2026-04-06,1.3799999952316284,50.04399871826172
2026-04-07,1.3799999952316284,53.24700164794922
2026-04-08,1.1399999856948853,45.30099868774414
